[
  {
    "Title": "Shole",
    "Year": 1990,
    "Color": true,
    "Actors": [
      "Dharam Paaji",
      "Amitaab",
      "Basanti",
      "Gabbar Singh"
    ]
  },
  {
    "Title": "Bajarangi Bhaijaan",
    "Year": 2010,
    "Color": true,
    "Actors": [
      "Salman Khan",
      "Nawajudin Sidqui",
      "Little Girl"
    ]
  },
  {
    "Title": "Mugle Azaam",
    "Year": 1960,
    "Color": true,
    "Actors": [
      "Madhu Bala",
      "Dilip Kumar",
      "Prithi Raj"
    ]
  },
  {
    "Title": "Ding Dong",
    "Year": 2000,
    "Color": false,
    "Actors": [
      "AAAA",
      "BBBB",
      "CCCCC",
      "DDDDDD"
    ]
  }
]
